92,92,0,0,0,0,92,0,1,1,1,1,1,1,12,11,11,11,11,11,11,11,10,86,86,9,83,83,9,51
92,92,92,0,92,92,92,0,1,1,1,1,1,1,1,11,11,11,10,10,10,10,10,10,57,9,9,9,51,51
92,92,92,92,92,92,92,0,1,1,1,1,1,1,1,2,11,10,10,10,10,10,10,9,34,34,34,51,51,51
92,92,92,92,92,92,92,0,1,1,1,1,1,1,1,1,2,11,10,10,10,10,9,9,34,34,34,51,86,9
92,92,92,0,92,92,0,0,1,1,1,1,1,1,1,1,1,11,10,10,10,10,9,9,9,34,88,88,86,2
92,92,0,0,0,92,0,0,1,1,1,1,1,1,1,1,1,2,10,10,10,10,9,9,2,2,2,2,34,34
92,92,0,0,0,0,92,0,1,1,1,1,1,1,1,1,1,1,2,10,10,2,2,2,2,2,9,9,34,34
92,92,92,92,92,92,0,0,1,1,1,1,1,1,1,1,1,1,1,2,2,10,2,9,9,9,9,9,34,34
92,92,92,92,92,0,0,0,0,1,1,1,1,1,1,1,1,1,1,1,10,10,10,10,9,10,10,6,6,6
92,92,92,92,0,0,0,0,0,0,1,1,1,1,1,1,1,1,1,2,2,10,10,6,6,6,6,6,6,6
92,92,0,0,0,0,0,0,0,0,12,12,12,12,12,12,12,12,12,1,1,2,6,6,6,6,22,6,6,6
0,0,0,0,0,0,0,0,0,0,12,12,12,12,12,12,12,12,12,12,1,8,6,6,6,2,6,6,6,6
0,0,0,0,0,0,0,0,0,0,12,12,8,8,8,8,8,8,8,8,1,1,8,1,6,8,8,8,8,8
0,0,0,0,0,0,0,0,0,0,0,0,0,8,8,8,8,8,8,8,1,1,1,8,8,8,8,8,8,8
0,0,0,0,0,0,0,0,0,0,0,0,0,8,8,8,8,8,8,8,1,1,1,8,8,8,8,8,8,8
0,0,0,0,0,0,0,0,0,0,0,0,0,8,8,8,8,8,8,1,1,1,8,8,8,8,8,8,1,1
0,0,0,0,0,0,0,0,0,0,0,0,0,8,8,1,1,1,1,1,1,1,8,8,1,1,1,1,1,1
0,0,0,0,0,0,0,0,0,0,0,0,0,0,0,0,1,1,1,1,1,1,1,1,1,1,1,1,1,1
0,0,0,0,0,0,0,0,0,0,0,0,0,0,0,0,0,0,0,0,0,0,0,0,0,0,0,0,0,0
0,0,0,0,0,0,0,0,0,0,0,0,0,92,92,0,0,0,0,0,0,0,0,0,0,0,0,0,0,0
0,0,0,0,0,0,0,0,0,0,0,0,92,92,92,0,92,0,92,92,92,92,92,92,92,92,92,0,0,92
0,0,0,0,0,0,0,0,0,0,0,92,92,92,92,92,92,92,92,92,92,92,92,92,92,92,92,92,92,92
0,0,0,0,0,0,0,0,0,0,92,92,92,92,92,92,92,92,92,92,92,0,92,92,92,92,92,92,92,92
0,0,0,0,0,0,0,0,92,92,92,0,0,0,92,92,92,92,92,92,92,92,92,92,92,92,0,0,92,92
0,0,0,0,0,0,0,92,92,92,92,92,0,0,92,92,92,92,92,92,92,92,92,92,92,92,92,92,0,92
0,0,0,0,0,0,92,92,92,92,92,92,92,92,92,92,92,92,92,92,92,92,92,92,92,92,92,92,92,92
0,0,0,0,0,92,92,0,0,92,92,92,92,92,92,92,92,92,92,92,92,92,92,92,92,92,92,92,92,92
