-4303.1,-4174.9,-3979.8,-3712.1,-3367.9,-2969.3,-2547.5,-2118.1,-1697.0,-1298.3,-941.1,-632.8,-392.3,-216.8,22.5,4.4,31.3,37.5,45.7,49.1,47.4,39.3,18.8,-11.7,-12.8,9.4,63.9,131.4,136.0,138.2
-4373.8,-4237.2,-4024.0,-3729.4,-3370.5,-2971.6,-2549.9,-2120.0,-1698.9,-1300.9,-941.3,-635.8,-410.9,-233.2,-104.3,11.2,72.0,86.0,91.4,87.7,79.5,75.2,69.3,68.1,89.7,113.9,131.2,135.0,134.8,136.9
-4411.0,-4266.0,-4037.8,-3732.2,-3372.7,-2973.7,-2552.0,-2120.3,-1700.0,-1301.1,-941.1,-661.9,-453.4,-312.6,-186.5,-75.4,33.6,90.2,111.2,112.6,108.9,101.3,98.8,100.0,109.7,128.0,127.7,105.4,111.2,103.1
-4427.0,-4277.5,-4042.1,-3736.3,-3378.1,-2976.6,-2556.1,-2123.9,-1699.3,-1303.8,-976.7,-718.4,-538.0,-400.2,-279.7,-153.0,-33.8,67.2,117.9,115.9,117.6,119.0,120.2,121.3,120.9,112.5,83.0,58.4,-10.4,26.4
-4435.9,-4280.2,-4044.6,-3739.8,-3380.4,-2979.3,-2556.5,-2125.8,-1705.2,-1345.4,-1044.6,-827.0,-648.5,-500.3,-361.4,-225.4,-100.1,25.0,101.3,125.0,130.7,130.9,106.8,100.7,57.1,29.2,-8.7,-9.8,-10.7,-8.6
-4440.0,-4284.3,-4048.5,-3742.8,-3382.5,-2984.4,-2557.3,-2131.1,-1751.6,-1423.8,-1176.8,-962.8,-775.2,-601.5,-440.5,-314.2,-186.0,-81.3,27.9,84.9,96.3,82.9,20.2,9.6,-9.2,-9.1,-8.0,-9.2,76.8,105.4
-4444.4,-4289.7,-4054.8,-3747.0,-3386.6,-2983.9,-2567.1,-2180.0,-1836.4,-1570.1,-1333.2,-1117.0,-901.6,-702.0,-541.9,-406.4,-301.4,-184.6,-85.5,17.5,51.3,-7.6,-8.5,-8.5,-9.8,-7.4,10.3,92.5,110.8,136.8
-4446.8,-4297.0,-4061.0,-3753.1,-3389.0,-2991.6,-2615.3,-2269.9,-1995.0,-1741.9,-1504.4,-1264.1,-1029.3,-829.8,-654.2,-524.0,-402.7,-301.6,-184.1,-63.6,-7.3,54.8,-7.2,37.3,102.1,111.6,130.7,137.4,155.6,173.3
-4453.6,-4300.5,-4063.3,-3755.2,-3397.9,-3042.4,-2707.9,-2431.2,-2174.7,-1924.8,-1665.1,-1406.8,-1183.2,-970.9,-813.4,-655.2,-525.5,-400.3,-275.9,-115.2,54.8,61.5,92.0,123.0,142.6,159.3,176.2,187.3,208.6,225.3
-4456.3,-4302.0,-4064.6,-3762.8,-3448.1,-3131.9,-2868.1,-2613.7,-2361.5,-2095.2,-1821.3,-1576.6,-1348.3,-1164.1,-973.8,-814.1,-649.3,-501.2,-339.1,-95.8,-66.6,39.8,134.8,155.9,166.7,191.9,217.7,232.4,218.9,182.5
-4462.2,-4307.0,-4074.2,-3808.3,-3530.0,-3284.6,-3045.4,-2799.9,-2535.2,-2257.3,38.5,44.2,38.5,41.4,43.1,46.2,51.6,56.6,56.5,-288.4,-136.7,-6.9,109.0,169.1,179.3,172.3,159.7,129.5,73.0,19.6
-4466.6,-4315.6,-4115.4,-3882.7,-3669.7,-3452.1,-3221.3,-2969.9,-2696.6,-2439.0,44.2,42.8,44.3,45.6,47.4,50.2,55.2,59.9,58.8,53.6,-217.9,37.0,30.0,72.0,53.8,-6.7,75.6,75.8,75.3,74.4
-4475.6,-4348.4,-4177.0,-4003.6,-3817.3,-3612.6,-3380.3,-3122.8,-2876.1,-2628.5,38.5,44.2,47.6,48.7,50.0,52.5,56.8,60.7,58.6,52.3,-315.4,-208.9,37.0,-127.2,63.3,73.7,78.6,77.2,74.9,72.2
-4498.1,-4396.0,-4274.0,-4127.8,-3959.0,-3757.6,-3525.7,-3295.5,-3061.8,-2857.0,-2632.1,-2424.2,-2187.0,49.7,50.4,52.2,55.5,58.4,55.6,48.9,-434.9,-374.4,-338.2,52.2,63.4,71.1,74.0,71.2,67.7,64.0
-4529.4,-4464.3,-4370.7,-4239.7,-4079.0,-3883.0,-3682.4,-3468.5,-3279.5,-3063.8,-2862.9,-2629.5,-2376.7,39.4,48.6,49.2,51.4,53.1,50.1,43.8,-621.5,-583.2,-573.4,50.0,58.0,62.9,64.2,60.9,56.8,52.6
-4560.7,-4517.4,-4442.6,-4330.4,-4182.3,-4017.6,-3834.8,-3670.2,-3472.9,-3283.8,-3064.2,-2817.1,-2548.7,45.4,44.8,44.9,45.8,46.3,43.5,-932.4,-882.7,-869.0,45.5,45.0,50.1,52.3,51.8,48.1,-1073.7,-1152.2
-4583.4,-4555.2,-4501.1,-4407.8,-4290.5,-4147.8,-4009.2,-3839.7,-3672.8,-3472.1,-3241.1,-2987.2,-2705.1,39.4,45.4,-1836.8,-1592.7,-1403.8,-1299.6,-1239.9,-1227.7,-1225.0,39.5,45.5,-1230.7,-1226.6,-1233.3,-1282.2,-1363.1,-1460.9
-4599.0,-4582.3,-4542.7,-4477.4,-4384.3,-4282.2,-4151.1,-4013.0,-3839.8,-3636.0,-3401.5,-3136.9,-2847.0,-2553.8,-2274.2,-2021.9,-1820.3,-1706.4,-1645.5,-1623.0,-1626.0,-1626.2,-1621.9,-1621.8,-1623.5,-1624.3,-1620.9,-1630.9,-1686.7,-1777.1
-4607.1,-4601.3,-4578.6,-4535.9,-4477.2,-4390.9,-4289.3,-4152.3,-3982.4,-3779.2,-3541.0,-3270.4,-2992.3,-2716.3,-2464.0,-2259.9,-2139.8,-2071.8,-2052.5,-2053.7,-2054.4,-2055.4,-2049.0,-2047.8,-2048.7,-2050.6,-2051.6,-2049.9,-2060.9,-2119.4
-4610.1,-4612.7,-4603.1,-4581.6,-4540.6,-4482.1,-4392.3,-4264.7,-4102.3,-3903.0,-3661.5,-3407.1,-3147.3,-2905.6,-2703.8,-2584.0,-2510.8,-2492.0,-2494.8,-2496.0,-2496.6,-2499.0,-2489.1,-2489.9,-2488.8,-2488.6,-2492.0,-2490.5,-2488.5,-2499.3
-4616.7,-4614.8,-4615.8,-4606.8,-4587.4,-4545.4,-4469.7,-4358.3,-4203.7,-4007.9,-3788.1,-3553.0,-3328.2,-3135.6,-3019.4,-2949.7,-2928.8,-2932.7,-2933.4,-2936.3,-2937.9,-2937.8,-2927.0,-2925.9,-2927.6,-2926.7,-2928.4,-2928.6,-2928.8,-2926.0
-4622.0,-4622.6,-4620.8,-4621.5,-4612.6,-4584.1,-4528.8,-4431.3,-4285.9,-4111.9,-3913.5,-3717.8,-3544.1,-3433.9,-3366.1,-3343.8,-3346.9,-3347.6,-3345.0,-3345.9,-3345.3,-3347.7,-3347.5,-3348.0,-3345.0,-3344.3,-3343.5,-3344.2,-3346.1,-3346.7
-4627.8,-4628.1,-4628.5,-4626.4,-4625.5,-4610.2,-4568.2,-4487.8,-4366.2,-4215.2,-4054.1,-3906.6,-3810.6,-3748.1,-3727.9,-3728.8,-3729.4,-3729.7,-3729.4,-3728.9,-3728.6,-3728.1,-3727.0,-3728.0,-3729.6,-3728.4,-3726.9,-3728.3,-3726.7,-3726.0
-4633.3,-4634.1,-4634.8,-4633.0,-4634.9,-4624.9,-4597.1,-4537.2,-4441.5,-4326.1,-4210.3,-4132.4,-4080.4,-4060.6,-4064.0,-4063.4,-4062.8,-4062.5,-4062.0,-4061.3,-4060.5,-4060.4,-4060.0,-4058.3,-4057.9,-4058.6,-4060.2,-4060.7,-4059.5,-4059.1
-4638.5,-4639.4,-4639.4,-4638.7,-4637.2,-4635.7,-4620.0,-4579.7,-4515.6,-4439.8,-4381.8,-4343.3,-4325.7,-4327.9,-4325.8,-4327.9,-4327.4,-4327.1,-4324.6,-4324.2,-4323.8,-4323.6,-4323.1,-4322.4,-4323.1,-4321.5,-4324.1,-4324.8,-4324.4,-4326.4
-4643.6,-4644.1,-4643.9,-4643.7,-4643.2,-4643.8,-4635.5,-4615.2,-4581.5,-4547.4,-4519.6,-4508.6,-4509.3,-4508.2,-4510.2,-4508.7,-4509.1,-4509.1,-4507.5,-4506.2,-4508.8,-4506.4,-4505.9,-4507.2,-4505.9,-4506.1,-4504.6,-4506.3,-4505.8,-4501.7
-4648.1,-4648.8,-4648.6,-4648.7,-4648.4,-4647.0,-4647.6,-4639.6,-4627.6,-4616.2,-4609.3,-4609.4,-4609.2,-4610.9,-4608.8,-4609.5,-4608.1,-4608.6,-4609.3,-4607.9,-4606.4,-4606.5,-4606.3,-4605.9,-4604.1,-4604.7,-4604.2,-4603.3,-4604.1,-4601.3
